Adams County Christian School ,Adams County Christian School ,Adam County Boys,Varsity,Male
Adams County Christian School,Adams County Christian School,Adam County Girls,Varsity,Female
Airline High School,Airline High School,Airline Boys,Varsity,Male
Airline High School ,Airline High School ,Airline Girls,Varsity,Female
Alexandria High School,Alexandria High School,Alexandria Boys,Varsity,Male
Alexandria High School ,Alexandria High School ,Alexandria Girls,Varsity,Female
Beau Chene High School,Beau Chene High School,Beau Chene Boys,Varsity,Male
Beau Chene High School,Beau Chene High School,Beau Chene Girls,Varsity,Female
Benton High School,Benton High School,Benton Boys,Varsity,Male
Benton High School,Benton High School,Benton Girls,Varsity,Female
Bolton High School,Bolton High School,Bolton High Boys,Varsity,Male
Bolton High School,Bolton High School,Bolton High Girls,Varsity,Female
Bossier High School,Bossier High School,Bossier High Boys,Varsity,Male
Bossier High School,Bossier High School,Bossier High Girls,Varsity,Female
Buckeye High School,Buckeye High School,Buckeye Boys,Varsity,Male
Buckeye High School,Buckeye High School,Buckeye Girls,Varsity,Female
C E Byrd High School,C E Byrd High School,C E Boys,Varsity,Male
C E Byrd High School,C E Byrd High School,C E Girls,Varsity,Female
Caddo Parish Magnet School,Caddo Parish Magnet School,Caddo Parish Boys,Varsity,Male
Caddo Parish Magnet School,Caddo Parish Magnet School,Caddo Parish Girls,Varsity,Female
Calvary Baptist Academy,Calvary Baptist Academy,Calvary Baptist Boys,Varsity,Male
Calvary Baptist Academy,Calvary Baptist Academy,Calvary Baptist Girls,Varsity,Female
Captain Shreve High School,Captain Shreve High School,Captain Shreve Boys,Varsity,Male
Captain Shreve High School,Captain Shreve High School,Captain Shreve Girls,Varsity,Female
Carencro High School,Carencro High School,Carencro Boys,Varsity,Male
Carencro High School,Carencro High School,Carenco Girls,Varsity,Female
Cathedral High School,Cathedral High School,Cathedral High Boys,Varsity,Male
Cathedral High School ,Cathedral High School ,Cathedral High Girls,Varsity,Female
De Ridder High School,De Ridder High School,De Ridder High Boys,Varsity,Male
De Ridder High School,De Ridder High School,De Ridder High Girls,Varsity,Female
Delhi High School,Delhi High School,Delhi Girls,Varsity,Female
Delta Charter School,Delta Charter School,Delta Girls,Varsity,Female
Denham Springs High School ,Denham Springs High School ,Denham Boys,Varsity,Male
Denham Springs High School ,Denham Springs High School ,Denham Girls ,Varsity,Female
Episcopal School Of Acadiana ,Episcopal School Of Acadiana ,Episcopal Boys,Varsity,Male
Episcopal School Of Acadiana,Episcopal School Of Acadiana,Episcopal Girls,Varsity,Female
Evangel Academy High School ,Evangel Academy High School ,Evangel High Boys Jr,Junior Varsity,Male
Evangel Academy High School,Evangel Academy High School,Evangel High Girls Jr,Junior Varsity,Female
Farmerville High School,Farmerville High School,Farmerville High Boys,Varsity,Male
Franklin Parish High School,Franklin Parish High School,Franklin Parish High Girls,Varsity,Female
Glenmora High School ,Glenmora High School ,Glenmora High Boys,Varsity,Male
Glenmora High School ,Glenmora High School ,Glenmora High Girls ,Varsity,Female
Grace Christian High School,Grace Christian High School,Grace Christian High Boys,Varsity,Male
Grace Christian High School ,Grace Christian High School ,Grace Christian High Girls,Varsity,Female
Hamburg High School,Hamburg High School,Hamburg High Boys,Varsity,Male
Hamburg High School ,Hamburg High School ,Hamburg High Girls,Varsity,Female
Holy Savior Menard Central High ,Holy Savior Menard Central High ,Holy Savior Menard Boys,Varsity,Male
Holy Savior Menard Central High ,Holy Savior Menard Central High ,Holy Savior Menard Girls,Varsity,Female
Lafayette Christian Academy,Lafayette Christian Academy,Lafayette Christian Boys,Varsity,Male
Lafayette Christian Academy ,Lafayette Christian Academy ,Lafayette Christian Girls,Varsity,Female
Live Oak High School ,Live Oak High School ,Live Oak High Boys,Varsity,Male
Live Oak High School ,Live Oak High School ,Live Oak High Girls,Varsity,Female
Livonia High School ,Livonia High School ,Livonia High Boys,Varsity,Male
Livonia High School,Livonia High School,Livonia High Girls,Varsity,Female
Madison Ridgeland Academy,Madison Ridgeland Academy,Madison Ridgeland Girls,Varsity,Female
Minden High School,Minden High School,Minden High Boys,Varsity,Male
Minden High School ,Minden High School ,Minden High Girls,Varsity,Female
Natchez High School,Natchez High School,Natchez High Boys ,Varsity,Male
Natchez High School,Natchez High School,Natchez High Girls,Varsity,Female
Neville High School ,Neville High School ,Neville Boys Jr,Junior Varsity,Male
Neville High School ,Neville High School ,Neville Girls Jr ,Junior Varsity,Female
Neville High School ,Neville High School ,Neville Boys,Varsity,Male
Neville High School ,Neville High School ,Neville Girls,Varsity,Female
North De Soto High School ,North De Soto High School ,North De Soto High Boys Jr,Junior Varsity,Male
North De Soto High School ,North De Soto High School ,North De Soto High Girls Jr,Junior Varsity,Female
North De Soto High School,North De Soto High School,North De Soto High School Boys,Varsity,Male
North De Soto High School ,North De Soto High School ,North De Soto High Girls,Varsity,Female
Ouachita Christian,Ouachita Christian,Ouachita Christian Boys,Varsity,Male
Ouachita Christian ,Ouachita Christian ,Ouachita Christian Girls,Varsity,Female
Ouachita Parish High School ,Ouachita Parish High School ,Ouachita Parish High Boys Jr,Junior Varsity,Male
Ouachita Parish High School ,Ouachita Parish High School ,Ouachita Parish High Girls Jr,Junior Varsity,Female
Ouachita Parish High School,Ouachita Parish High School,Ouachita Parish High Boys,Varsity,Male
Ouachita Parish High School,Ouachita Parish High School,Ouachita Parish High Girls,Varsity,Female
Parkview Baptist School,Parkview Baptist School,Parkview Baptist Boys,Varsity,Male
Parkview Baptist School,Parkview Baptist School,Parkview Baptist Girls,Varsity,Female
Parkway High School,Parkway High School,Parkway High Boys,Varsity,Male
Parkway High School,Parkway High School,Parkway High Girls ,Varsity,Female
Parkway High School ,Parkway High School ,Parkway High Boys Jr,Junior Varsity,Male
Parkway High School,Parkway High School,Parkway High Girls Jr,Junior Varsity,Female
Ponchatoula High School ,Ponchatoula High School ,Ponchatoula High Boys,Varsity,Male
Ponchatoula High School,Ponchatoula High School,Ponchatoula High Girls,Varsity,Female
River Oaks High School,River Oaks High School,River Oaks High Boys,Varsity,Male
River Oaks High School ,River Oaks High School ,River Oaks High Girls,Varsity,Female
Ruston High School,Ruston High School,Ruston High Boys,Varsity,Male
Ruston High School,Ruston High School,Ruston High Girls,Varsity,Female
Sam Houston High School,Sam Houston High School,Sam Houston Boys,Varsity,Male
Sam Houston High School,Sam Houston High School,Sam Houston Girls,Varsity,Female
Southwood High School ,Southwood High School ,Southwood Girls ,Varsity,Female
St. Frederick High School,St. Frederick High School,St. Frederick Boys,Varsity,Male
St. Frederick High School ,St. Frederick High School ,St. Frederick Girls,Varsity,Female
Union Parish High School,Union Parish High School,Union Parish Boy,Varsity,Male
Union Parish High School,Union Parish High School,Union Parish Girls,Varsity,Female
West Monroe High School,West Monroe High School,West Monroe Boys,Varsity,Male
West Monroe High School,West Monroe High School,West Monroe Girls,Varsity,Female
West Monroe High School,West Monroe High School,West Monroe Boys Jr,Junior Varsity,Male
West Monroe High School,West Monroe High School,West Monroe Girls Jr,Junior Varsity,Female
West Ouachita High School,West Ouachita High School,West Ouachita Boys,Varsity,Male
West Ouachita High School,West Ouachita High School,West Ouachita Girls,Varsity,Female
Wossman High School,Wossman High School,Wossman Boys,Varsity,Male
Wossman High School,Wossman High School,Wossman Girls,Varsity,Female
A,Test,shitter,fucker,bitch
asdf,fghj,erty,qwer,xvcb
